age,gender,admission_grade,attendance_percentage,study_hours_per_day,scholarship,tuition_fees_paid,parents_education,family_income,exam_score,dropout_status
24,Male,100,93,2,Yes,Yes,Diploma,15152,45,1
18,Male,90,46,4,Yes,No,Bachelor,29727,84,1
22,Male,148,97,3,No,Yes,HighSchool,76278,77,0
21,Male,142,69,1,Yes,No,Master,88695,59,1
23,Male,120,73,4,Yes,No,Diploma,51806,45,1
21,Female,114,92,5,No,Yes,Master,64877,59,0
24,Female,93,46,2,Yes,No,Bachelor,98628,98,1
22,Male,136,66,4,No,No,Master,77145,41,1
22,Female,133,46,4,Yes,Yes,HighSchool,82776,42,1
24,Male,125,41,4,No,Yes,Diploma,54519,99,1
24,Female,141,61,2,No,Yes,Master,13122,93,1
20,Female,96,76,1,No,Yes,Bachelor,60406,58,0
18,Male,91,40,2,No,No,Master,37238,64,1
18,Male,109,92,4,Yes,No,Bachelor,42094,97,1
24,Female,110,87,2,Yes,No,Master,80715,51,1
22,Male,138,77,3,Yes,Yes,Master,11263,49,1
23,Female,116,88,2,No,Yes,Master,75014,72,0
21,Male,127,66,4,Yes,Yes,HighSchool,88248,41,1
24,Female,146,69,3,No,Yes,Master,18990,60,0
24,Male,110,62,3,Yes,Yes,Bachelor,45986,52,1
22,Male,108,48,5,No,Yes,HighSchool,38313,49,1
19,Female,143,64,4,Yes,No,Master,89286,69,1
19,Female,123,74,3,Yes,No,Master,90916,46,1
20,Female,113,55,5,No,No,HighSchool,84425,96,1
21,Male,133,73,3,Yes,No,Diploma,72137,43,1
21,Male,125,98,2,No,No,Bachelor,54359,61,1
21,Female,94,63,2,No,No,Diploma,92277,53,1
24,Male,108,77,4,Yes,No,Master,56622,72,1
21,Male,90,77,2,Yes,No,Bachelor,80163,63,1
19,Male,112,80,2,Yes,No,HighSchool,99100,93,1
24,Male,120,66,3,Yes,No,Diploma,15920,81,1
22,Male,130,73,5,Yes,No,HighSchool,41574,76,1
19,Male,128,95,3,No,No,Bachelor,16215,47,1
20,Male,135,79,3,No,Yes,Bachelor,75011,84,0
18,Female,131,83,5,No,Yes,Diploma,35912,61,0
24,Female,144,99,4,No,No,Bachelor,55088,58,1
20,Female,119,52,5,Yes,Yes,Master,17331,98,1
24,Female,133,70,1,Yes,Yes,Master,92436,44,1
20,Male,124,40,1,Yes,No,HighSchool,67102,97,1
18,Female,138,65,5,Yes,Yes,Bachelor,33181,76,0
20,Female,95,86,5,No,No,Master,96904,87,1
21,Male,147,70,2,Yes,Yes,HighSchool,93315,84,0
18,Female,109,50,3,Yes,No,Master,15491,88,1
24,Female,135,51,3,No,Yes,Master,24068,81,1
18,Female,147,80,1,Yes,Yes,Bachelor,41904,82,0
20,Male,118,99,3,Yes,Yes,Diploma,33342,63,0
20,Female,142,66,4,Yes,No,Bachelor,33782,57,1
22,Male,127,54,4,Yes,Yes,HighSchool,29347,46,1
19,Female,120,43,3,Yes,No,Diploma,85331,83,1
18,Male,130,46,3,No,No,Diploma,45858,40,1
23,Male,126,64,3,Yes,Yes,Master,83219,41,1
22,Female,125,87,2,Yes,No,HighSchool,87834,62,1
19,Male,92,65,4,No,No,Diploma,19661,42,1
22,Male,149,51,3,Yes,Yes,Bachelor,41518,55,1
21,Female,98,51,4,No,No,HighSchool,17306,53,1
21,Female,145,89,2,No,No,Bachelor,52355,74,1
19,Male,91,92,2,Yes,No,Master,62714,98,1
18,Male,114,43,5,No,No,Master,83886,46,1
22,Female,104,89,2,Yes,No,Master,29399,73,1
21,Male,93,68,1,No,No,Diploma,43145,52,1
20,Male,136,60,1,Yes,Yes,Diploma,64502,45,1
20,Female,111,67,4,No,Yes,Master,19106,46,1
22,Male,95,96,5,No,No,Diploma,70809,68,1
23,Male,111,66,2,No,Yes,Bachelor,24645,61,0
20,Male,94,73,5,No,Yes,Diploma,29423,54,1
22,Male,145,61,2,Yes,Yes,Diploma,26541,79,1
20,Female,120,78,5,Yes,Yes,HighSchool,88943,50,1
22,Male,115,43,5,No,Yes,Diploma,85021,47,1
19,Female,107,45,4,Yes,Yes,HighSchool,64175,59,1
22,Male,128,69,2,No,No,Diploma,37825,45,1
19,Male,141,57,4,Yes,Yes,HighSchool,55848,79,1
21,Female,113,48,4,No,No,Bachelor,59756,53,1
19,Female,131,51,5,Yes,Yes,Diploma,88261,98,1
20,Male,120,98,3,No,Yes,Master,15464,86,0
23,Male,109,88,1,No,No,Master,57649,99,1
22,Male,149,64,2,Yes,No,Bachelor,42784,93,1
21,Male,147,40,5,No,No,Bachelor,56169,44,1
19,Male,116,84,5,No,No,Bachelor,74036,83,1
19,Female,121,62,2,Yes,Yes,Master,34420,42,1
18,Male,141,70,2,No,No,Diploma,44759,76,1
24,Male,140,94,1,Yes,Yes,Diploma,39861,81,0
22,Female,114,88,4,No,Yes,Master,71367,64,0
23,Female,111,56,4,Yes,Yes,Diploma,88133,96,1
19,Female,116,64,4,Yes,No,Bachelor,74373,86,1
20,Female,119,91,2,No,Yes,Master,92499,97,0
24,Male,143,59,5,No,No,Diploma,26666,97,1
19,Female,103,58,2,Yes,No,HighSchool,86491,58,1
20,Male,110,58,4,No,No,Bachelor,81140,99,1
23,Male,132,51,3,No,No,Diploma,33317,62,1
24,Female,104,74,4,No,No,HighSchool,89507,42,1
18,Male,94,72,1,Yes,No,HighSchool,65879,75,1
18,Male,146,62,3,No,No,Diploma,33284,87,1
21,Male,149,40,3,No,No,Master,67877,80,1
24,Female,146,69,5,No,Yes,Bachelor,30449,42,1
19,Male,107,86,1,No,Yes,HighSchool,73653,90,0
22,Male,115,59,3,Yes,No,Bachelor,42448,41,1
20,Female,125,49,5,Yes,No,Diploma,33515,52,1
20,Female,124,49,3,No,Yes,HighSchool,39226,60,1
24,Female,103,57,2,No,Yes,Bachelor,93710,60,1
23,Male,111,40,1,Yes,No,Master,44004,77,1
22,Male,136,81,4,No,No,Diploma,41727,94,1
21,Male,92,91,3,No,No,Diploma,66307,48,1
24,Male,94,88,4,No,Yes,Master,49093,74,0
24,Female,141,84,3,Yes,No,Master,97510,90,1
19,Male,130,45,5,No,No,Bachelor,29372,50,1
19,Female,127,76,1,No,No,Bachelor,58665,62,1
18,Male,114,42,3,No,No,Diploma,87568,82,1
20,Male,147,99,1,No,Yes,Bachelor,81041,42,1
18,Female,117,88,5,Yes,No,Diploma,11936,54,1
18,Female,130,47,1,No,No,HighSchool,31597,75,1
22,Female,126,91,4,No,Yes,Master,97456,99,0
20,Male,130,55,3,Yes,No,HighSchool,79308,62,1
20,Female,143,61,3,Yes,Yes,Diploma,82571,88,1
20,Female,145,68,5,Yes,No,HighSchool,82690,90,1
20,Male,118,63,5,Yes,No,HighSchool,56655,51,1
24,Female,125,86,1,Yes,No,Master,37595,69,1
18,Female,136,79,4,Yes,Yes,HighSchool,44979,79,0
23,Female,109,42,3,No,Yes,HighSchool,10521,63,1
22,Male,144,91,5,Yes,No,Master,21037,83,1
21,Female,102,46,4,Yes,Yes,Diploma,74526,70,1
22,Male,121,65,3,Yes,No,Master,82879,85,1
18,Female,111,75,1,No,No,Diploma,36738,95,1
21,Male,149,74,5,No,Yes,Diploma,24050,41,1
18,Female,149,98,5,Yes,No,HighSchool,58840,72,1
20,Male,133,64,3,Yes,Yes,Bachelor,52654,79,1
23,Male,112,58,3,Yes,Yes,Diploma,43389,40,1
20,Male,99,56,2,Yes,Yes,Diploma,26370,53,1
22,Male,138,44,3,Yes,No,Master,18726,76,1
24,Male,140,72,5,Yes,No,Bachelor,28377,86,1
21,Male,128,82,4,No,Yes,Bachelor,39399,81,0
18,Female,147,90,5,Yes,Yes,HighSchool,65641,95,0
24,Male,130,95,4,Yes,Yes,Master,54568,75,0
24,Male,104,97,3,Yes,No,Master,35064,63,1
20,Male,143,96,5,No,No,HighSchool,66967,71,1
23,Female,109,70,3,No,No,Diploma,18767,96,1
19,Female,113,52,2,Yes,Yes,HighSchool,61523,42,1
22,Male,114,65,5,No,Yes,Diploma,68308,56,0
20,Female,146,88,5,Yes,Yes,Diploma,39924,48,1
24,Female,133,51,2,Yes,No,Master,68656,72,1
20,Male,120,72,3,No,No,Master,13083,93,1
18,Female,116,97,1,Yes,No,Master,59085,92,1
19,Male,90,98,3,No,Yes,Master,46126,93,0
23,Female,112,99,5,Yes,Yes,Diploma,98987,92,0
23,Female,131,50,1,Yes,Yes,Bachelor,68521,89,1
22,Male,142,94,3,Yes,Yes,Diploma,23147,63,0
19,Male,128,80,2,Yes,Yes,HighSchool,28844,97,0
24,Male,146,98,2,Yes,No,Diploma,38944,80,1
18,Female,101,98,5,Yes,No,Bachelor,44331,91,1
18,Female,122,99,5,No,Yes,Diploma,12134,52,1
23,Female,138,82,3,No,Yes,Bachelor,28599,83,0
22,Male,137,78,1,Yes,Yes,Diploma,90609,80,0
24,Male,143,88,5,No,No,Bachelor,23682,76,1
24,Male,99,47,2,No,No,Diploma,43359,46,1
23,Female,114,59,4,No,No,Master,59068,88,1
23,Male,131,56,3,No,Yes,Diploma,47963,91,1
19,Female,123,64,2,Yes,Yes,HighSchool,38886,85,1
21,Female,131,98,1,No,Yes,HighSchool,14965,51,1
21,Female,107,91,3,Yes,Yes,Master,42493,43,1
21,Male,111,91,3,No,Yes,Master,79674,86,0
19,Female,105,80,5,No,Yes,Master,86163,47,1
24,Female,102,40,2,Yes,No,Bachelor,87664,97,1
21,Male,101,41,3,Yes,No,Bachelor,24821,77,1
18,Female,90,81,5,Yes,No,HighSchool,14083,58,1
22,Female,135,50,3,No,Yes,Bachelor,26474,86,1
19,Female,147,54,3,No,Yes,Bachelor,17946,40,1
19,Male,139,95,1,Yes,Yes,Diploma,44608,42,1
21,Female,141,55,5,Yes,No,Master,34954,46,1
20,Female,93,84,4,No,No,Diploma,81050,69,1
24,Male,90,91,2,Yes,Yes,Diploma,92313,50,1
22,Male,135,58,4,No,No,HighSchool,83878,49,1
21,Male,132,60,4,No,No,HighSchool,20808,75,1
23,Male,120,68,3,No,Yes,Diploma,76409,67,0
18,Female,93,74,4,No,No,HighSchool,78348,79,1
21,Female,101,93,2,Yes,No,Master,80081,98,1
18,Female,96,56,1,No,Yes,Diploma,96827,60,1
24,Male,115,46,2,No,Yes,HighSchool,38179,60,1
18,Male,136,76,1,Yes,No,Master,84588,55,1
20,Female,92,67,2,No,Yes,Bachelor,97806,44,1
20,Male,119,44,2,No,No,Diploma,56056,44,1
21,Male,147,58,5,Yes,Yes,Master,34833,47,1
23,Female,115,86,5,No,Yes,Bachelor,54167,59,0
23,Female,129,79,3,Yes,No,Bachelor,94485,47,1
21,Female,131,71,5,No,No,HighSchool,33085,45,1
23,Female,135,74,5,No,No,Bachelor,60934,85,1
21,Male,101,55,3,Yes,Yes,Bachelor,87874,89,1
23,Male,131,97,4,Yes,No,Master,25320,52,1
23,Male,148,46,4,No,Yes,Master,85060,84,1
20,Female,134,69,1,No,No,HighSchool,99914,77,1
21,Male,138,58,5,No,No,Master,77968,69,1
22,Male,143,54,4,No,No,HighSchool,53685,95,1
19,Female,122,87,1,Yes,No,Master,27132,79,1
19,Male,137,41,3,No,Yes,HighSchool,78320,53,1
22,Male,118,70,5,Yes,Yes,Master,40091,50,1
18,Female,90,62,5,No,Yes,Master,44173,68,1
20,Female,127,99,3,Yes,No,Master,80610,54,1
24,Male,116,43,1,Yes,No,Diploma,10844,49,1
23,Male,146,46,4,No,No,Bachelor,69413,42,1
20,Male,111,52,5,No,No,Master,20686,47,1
23,Female,93,53,4,No,No,Bachelor,56376,54,1
24,Male,119,97,4,Yes,Yes,Diploma,42336,63,0
19,Male,126,58,4,No,Yes,Diploma,84551,90,1
22,Female,100,96,2,Yes,Yes,Bachelor,49001,81,0
18,Male,92,65,3,No,Yes,Bachelor,43629,56,0
24,Female,106,79,4,Yes,Yes,Diploma,74467,76,0
21,Female,92,61,1,No,Yes,Bachelor,22382,53,1
21,Female,122,59,1,Yes,Yes,Bachelor,23550,94,1
18,Male,135,92,3,Yes,Yes,Diploma,57337,57,0
20,Male,116,74,5,Yes,Yes,HighSchool,61504,92,0
20,Female,114,59,2,No,No,Diploma,71793,58,1
20,Male,116,57,3,Yes,Yes,Bachelor,45550,54,1
19,Female,117,76,2,Yes,No,Master,78746,69,1
19,Male,116,40,5,No,Yes,Diploma,38768,90,1
18,Female,133,88,2,No,No,Master,68747,70,1
20,Female,102,95,2,No,No,Diploma,23661,98,1
23,Male,123,65,4,No,No,Diploma,88706,68,1
24,Male,112,43,5,No,Yes,Master,74631,49,1
20,Female,118,75,5,No,No,Bachelor,92554,74,1
24,Male,134,78,5,No,Yes,Bachelor,97035,99,0
23,Male,96,94,3,Yes,Yes,Bachelor,13049,86,0
18,Male,93,93,4,Yes,No,Bachelor,79333,64,1
19,Male,126,74,2,No,Yes,Master,95782,76,0
18,Female,148,61,4,Yes,Yes,Master,85966,80,1
21,Male,111,68,2,Yes,Yes,Bachelor,66851,90,0
22,Female,146,40,2,No,No,Master,39893,70,1
23,Female,127,52,1,Yes,Yes,HighSchool,30418,44,1
23,Female,131,87,3,Yes,No,Diploma,80404,59,1
19,Female,96,72,3,Yes,Yes,Master,25757,71,0
19,Male,112,71,4,Yes,Yes,Master,48165,98,0
24,Male,104,73,2,Yes,No,HighSchool,76711,96,1
21,Male,95,85,3,No,No,Diploma,44615,93,1
23,Male,140,74,2,No,Yes,Master,77383,48,1
22,Male,102,50,5,Yes,No,Master,10097,95,1
23,Female,139,81,1,No,Yes,Diploma,34074,88,0
24,Female,96,44,3,No,Yes,Diploma,84221,57,1
21,Male,118,65,4,No,No,Master,31158,45,1
19,Male,98,45,3,Yes,Yes,HighSchool,97796,90,1
23,Male,111,49,4,No,Yes,Diploma,56764,47,1
18,Male,129,64,2,No,No,Bachelor,27909,85,1
23,Female,96,63,5,Yes,No,Master,93082,51,1
23,Female,107,53,1,No,No,Master,30302,66,1
20,Female,118,71,4,Yes,Yes,Master,67836,88,0
24,Female,100,41,3,Yes,No,Master,97487,62,1
21,Female,131,54,5,Yes,No,HighSchool,67230,67,1
21,Male,141,43,1,No,Yes,Bachelor,70422,70,1
21,Male,139,86,1,Yes,Yes,Bachelor,99647,96,0
18,Female,137,84,5,Yes,No,HighSchool,46499,94,1
22,Female,122,93,4,No,Yes,Master,43806,95,0
23,Female,115,51,2,No,No,HighSchool,57259,41,1
23,Female,107,40,5,No,Yes,HighSchool,67007,59,1
19,Male,134,99,2,No,Yes,Bachelor,86600,81,0
21,Female,119,66,5,No,No,HighSchool,50725,47,1
20,Female,90,95,3,Yes,No,Master,10106,81,1
23,Female,111,67,5,Yes,No,Master,24631,73,1
22,Female,106,57,5,Yes,No,Master,83666,79,1
19,Male,135,68,4,Yes,No,Bachelor,27434,46,1
19,Female,110,94,3,No,Yes,HighSchool,71728,51,1
20,Female,108,61,1,Yes,No,HighSchool,45572,66,1
22,Male,107,46,5,No,Yes,Bachelor,40917,77,1
22,Male,112,71,3,Yes,Yes,Diploma,56233,74,0
24,Female,103,42,4,Yes,Yes,HighSchool,42529,88,1
22,Female,116,62,5,Yes,No,Bachelor,77788,52,1
18,Male,129,60,5,Yes,No,Master,82119,50,1
22,Female,129,50,2,Yes,Yes,Diploma,32244,91,1
22,Female,148,40,1,No,No,Bachelor,16254,45,1
18,Male,119,73,5,Yes,No,Diploma,62259,88,1
21,Male,135,77,3,Yes,Yes,HighSchool,84211,50,1
21,Male,142,87,1,Yes,No,HighSchool,72583,43,1
19,Female,108,65,3,Yes,Yes,Diploma,58873,97,0
23,Female,111,46,2,No,Yes,Diploma,23905,60,1
22,Female,128,54,1,Yes,Yes,HighSchool,71941,82,1
24,Male,111,56,3,No,No,HighSchool,52681,99,1
24,Female,90,59,2,No,Yes,HighSchool,95358,67,1
23,Male,149,81,2,No,Yes,Master,77896,92,0
24,Female,144,45,2,No,Yes,Bachelor,61472,85,1
23,Female,111,61,5,No,No,Master,22269,81,1
19,Female,133,61,5,Yes,No,Bachelor,56483,88,1
19,Male,125,59,1,No,No,Bachelor,51715,40,1
21,Female,106,43,3,No,Yes,Diploma,59000,87,1
21,Female,90,43,3,Yes,No,Bachelor,23603,79,1
23,Female,110,77,1,Yes,Yes,Bachelor,47855,95,0
21,Male,91,67,3,Yes,No,Bachelor,50111,94,1
18,Female,93,75,5,No,No,Bachelor,93725,98,1
19,Female,139,79,4,No,No,Master,39242,99,1
23,Female,112,76,1,No,Yes,HighSchool,84057,72,0
21,Male,103,99,5,Yes,No,Bachelor,78801,67,1
21,Male,107,67,1,Yes,Yes,Master,62984,52,1
23,Male,101,80,2,No,Yes,Bachelor,11156,71,0
21,Female,93,93,2,Yes,Yes,Master,29389,40,1
24,Female,144,68,5,Yes,No,Bachelor,96029,63,1
18,Male,135,44,4,Yes,Yes,Bachelor,86618,99,1
23,Male,144,66,4,Yes,Yes,HighSchool,80129,43,1
20,Female,137,68,5,Yes,Yes,HighSchool,19150,72,0
20,Male,103,68,5,No,Yes,Diploma,93008,64,0
19,Female,141,62,2,No,No,Diploma,60752,59,1
24,Male,97,42,1,Yes,No,HighSchool,75700,99,1
19,Female,147,42,3,No,No,Diploma,77914,82,1
21,Male,115,74,5,No,No,Bachelor,37872,78,1
24,Female,91,40,2,No,Yes,Bachelor,98783,91,1
23,Female,146,64,4,No,Yes,HighSchool,43428,91,1
20,Male,93,51,5,No,No,Diploma,19131,99,1
21,Male,139,67,4,No,No,Diploma,49425,48,1
23,Male,137,78,4,Yes,Yes,Diploma,27512,54,1
19,Male,138,61,1,Yes,No,Bachelor,14771,46,1
20,Female,93,98,5,No,No,Master,97464,76,1
20,Female,112,69,1,Yes,No,Bachelor,29992,52,1
23,Female,93,60,1,Yes,Yes,Master,84325,85,1
22,Female,127,41,3,No,No,Bachelor,78783,92,1
20,Female,121,74,2,Yes,Yes,Diploma,24720,45,1
21,Female,147,86,3,Yes,No,Bachelor,75358,73,1
22,Female,96,92,4,No,No,Bachelor,24380,41,1
20,Female,109,77,3,No,No,Bachelor,78503,45,1
22,Male,140,88,4,Yes,No,HighSchool,24765,95,1
22,Male,121,57,3,No,Yes,Diploma,34289,78,1
20,Male,110,79,2,Yes,Yes,Bachelor,42261,71,0
23,Male,127,50,1,Yes,Yes,Bachelor,36964,68,1
18,Male,127,91,2,Yes,No,Diploma,18847,93,1
19,Female,118,76,5,Yes,No,Master,28128,43,1
20,Male,128,84,3,Yes,Yes,HighSchool,98289,88,0
20,Female,127,80,2,No,Yes,Master,11033,72,0
18,Female,109,50,5,Yes,Yes,Bachelor,98579,75,1
18,Male,110,82,5,Yes,No,Diploma,20535,77,1
18,Female,93,92,4,Yes,No,Master,92627,49,1
21,Male,135,62,1,No,No,Master,48096,70,1
18,Female,135,89,4,No,Yes,Diploma,17644,95,0
21,Male,121,86,5,Yes,No,HighSchool,70947,88,1
23,Female,141,43,3,No,No,Bachelor,13036,57,1
23,Male,102,98,2,No,No,Diploma,21877,56,1
19,Female,143,67,1,No,Yes,Bachelor,96085,47,1
18,Female,106,87,4,No,No,Master,64255,77,1
24,Male,130,47,1,No,Yes,Diploma,38656,77,1
23,Female,127,92,3,Yes,No,HighSchool,70187,98,1
20,Male,120,94,2,Yes,Yes,HighSchool,35461,46,1
24,Male,135,69,5,Yes,No,Diploma,21913,61,1
21,Male,99,97,1,Yes,Yes,Diploma,99364,99,0
18,Male,147,65,1,Yes,Yes,Diploma,74754,77,0
24,Female,108,63,5,No,Yes,Diploma,24947,82,1
22,Male,135,72,4,Yes,No,Master,10102,83,1
19,Male,149,95,5,No,Yes,Diploma,14644,63,0
21,Male,115,84,2,No,Yes,Master,63375,49,1
22,Male,130,96,4,Yes,No,Master,63282,68,1
22,Female,128,45,2,Yes,No,Master,18882,54,1
21,Male,117,95,3,Yes,No,Diploma,21669,63,1
20,Female,128,42,2,No,Yes,Master,71282,65,1
20,Male,110,40,2,Yes,Yes,Diploma,35899,99,1
18,Female,114,48,4,Yes,Yes,Bachelor,92730,60,1
23,Male,102,97,1,Yes,Yes,Diploma,51901,78,0
18,Male,95,94,2,Yes,Yes,Diploma,69534,76,0
18,Male,145,43,2,Yes,Yes,HighSchool,52578,96,1
22,Female,91,55,2,No,Yes,Diploma,70475,87,1
19,Female,101,44,4,Yes,No,Bachelor,84309,82,1
23,Female,129,95,1,Yes,Yes,Diploma,68202,50,1
20,Male,119,67,3,No,No,Bachelor,78079,46,1
22,Male,92,43,2,No,Yes,Bachelor,38434,58,1
24,Female,114,76,1,Yes,No,Diploma,61383,54,1
18,Male,126,57,5,Yes,No,Diploma,75867,72,1
20,Female,147,70,4,No,Yes,Master,22504,66,0
18,Male,129,48,5,No,Yes,Master,74392,81,1
24,Male,138,44,5,No,No,Diploma,59975,88,1
18,Male,146,80,1,No,No,Bachelor,60770,77,1
18,Male,135,67,3,No,No,HighSchool,80699,94,1
19,Female,122,54,4,No,Yes,Diploma,65378,49,1
18,Male,117,93,1,No,No,Bachelor,51388,71,1
24,Female,119,48,3,Yes,Yes,Master,63955,89,1
22,Female,138,67,3,No,No,Diploma,10737,53,1
21,Female,145,94,3,Yes,Yes,Master,31462,57,0
20,Female,131,67,2,Yes,Yes,Diploma,47266,58,0
21,Male,123,54,1,No,Yes,Diploma,27906,86,1
18,Male,120,67,4,Yes,Yes,Bachelor,96139,63,0
23,Male,114,81,5,Yes,No,HighSchool,23687,86,1
24,Female,146,97,3,No,Yes,Master,89539,93,0
21,Female,126,89,5,No,No,Bachelor,46711,94,1
21,Male,127,43,4,No,No,Bachelor,78301,58,1
22,Female,104,86,5,No,Yes,Diploma,89310,49,1
18,Male,115,64,4,No,No,Master,22301,80,1
19,Female,111,91,3,No,No,HighSchool,43151,57,1
22,Female,108,67,5,No,Yes,HighSchool,96676,88,0
18,Female,98,77,2,Yes,No,Master,93206,82,1
18,Male,136,81,1,No,Yes,Master,29071,67,0
18,Male,114,90,4,Yes,Yes,HighSchool,84548,42,1
23,Female,102,72,2,No,Yes,Master,76988,48,1
21,Female,124,70,4,Yes,No,Diploma,40074,99,1
18,Female,95,62,2,Yes,No,Master,70962,71,1
23,Male,117,66,2,Yes,No,Diploma,79887,59,1
20,Female,107,49,4,Yes,No,Master,21695,75,1
23,Male,121,51,4,Yes,No,HighSchool,96607,94,1
22,Male,100,98,2,Yes,No,Master,77407,56,1
23,Female,129,94,2,No,Yes,HighSchool,24311,40,1
20,Male,121,42,3,No,No,Bachelor,62536,60,1
18,Male,102,99,4,No,No,HighSchool,36754,60,1
19,Male,138,44,3,No,No,Master,42375,82,1
18,Female,99,49,3,Yes,Yes,Master,41969,97,1
20,Female,102,92,5,No,Yes,Diploma,48154,91,0
24,Male,132,54,3,Yes,No,Master,58860,53,1
22,Female,122,43,5,Yes,Yes,Master,11544,57,1
24,Male,129,76,4,No,No,HighSchool,82944,82,1
18,Female,119,91,4,No,No,Bachelor,61264,82,1
23,Female,146,78,2,Yes,No,Diploma,52756,88,1
24,Female,104,53,4,Yes,No,Bachelor,56140,65,1
19,Male,123,73,1,No,Yes,Master,32179,73,0
19,Female,90,62,2,Yes,No,Diploma,11647,87,1
24,Male,133,90,3,No,Yes,Master,53508,86,0
24,Male,119,84,3,No,Yes,Diploma,60015,56,0
20,Female,127,92,1,No,Yes,Master,96549,90,0
19,Female,118,78,3,No,No,Diploma,17652,42,1
19,Female,128,41,3,No,No,Bachelor,40132,48,1
21,Female,132,99,2,Yes,Yes,Bachelor,42781,43,1
23,Female,134,90,3,Yes,No,Bachelor,88091,95,1
20,Female,145,88,3,Yes,Yes,Bachelor,99922,70,0
20,Female,94,82,4,Yes,No,HighSchool,84595,94,1
22,Male,147,63,5,No,Yes,HighSchool,37130,83,1
18,Female,118,67,4,Yes,Yes,HighSchool,83289,72,0
23,Female,124,56,4,No,Yes,Bachelor,76281,84,1
21,Male,116,55,1,No,No,Diploma,49215,87,1
18,Female,118,68,5,No,Yes,Master,38029,59,0
21,Male,137,51,3,Yes,Yes,Master,26445,62,1
19,Female,107,56,5,No,No,Master,98832,73,1
19,Female,136,76,1,No,No,Master,57056,76,1
24,Male,144,56,5,No,Yes,HighSchool,13447,94,1
22,Male,136,40,2,Yes,No,HighSchool,22420,60,1
23,Female,108,68,2,No,Yes,Master,23940,52,1
20,Male,101,57,4,No,No,Bachelor,40280,54,1
19,Female,91,52,3,Yes,No,Master,89172,74,1
18,Female,142,50,4,No,No,Diploma,18458,73,1
21,Male,144,45,2,No,Yes,Diploma,45892,64,1
18,Female,91,63,5,Yes,Yes,Bachelor,84048,42,1
21,Male,114,40,1,Yes,Yes,Bachelor,29881,57,1
20,Male,120,84,4,Yes,No,HighSchool,66320,95,1
19,Male,91,65,1,Yes,Yes,Diploma,72314,71,0
19,Female,110,71,1,No,Yes,Master,42794,60,0
22,Male,123,40,2,Yes,No,Diploma,96093,87,1
22,Male,116,54,4,Yes,No,Bachelor,97134,85,1
20,Male,102,98,4,Yes,Yes,Bachelor,35764,91,0
22,Male,148,66,1,No,Yes,Bachelor,63007,89,0
18,Male,95,61,5,No,No,Diploma,71614,58,1
20,Male,119,47,3,Yes,Yes,Diploma,65244,59,1
21,Male,128,80,4,Yes,No,HighSchool,74425,68,1
19,Male,142,79,1,No,Yes,Bachelor,35813,86,0
22,Male,99,90,4,Yes,No,Diploma,99841,40,1
19,Male,132,98,5,No,Yes,Diploma,18632,88,0
23,Female,138,88,3,No,Yes,Diploma,64970,47,1
24,Male,123,77,2,No,No,HighSchool,28905,61,1
21,Male,121,98,3,Yes,No,HighSchool,46442,55,1
22,Female,136,55,5,Yes,Yes,Bachelor,18425,72,1
21,Male,91,88,3,No,No,HighSchool,22696,83,1
24,Male,143,87,5,No,Yes,HighSchool,25059,61,0
23,Female,126,62,2,Yes,Yes,HighSchool,83625,46,1
19,Female,148,68,5,Yes,Yes,Bachelor,54956,75,0
20,Male,135,54,1,No,Yes,Diploma,33813,98,1
20,Male,132,48,1,Yes,No,Master,81524,98,1
22,Male,103,92,4,Yes,No,Master,45552,74,1
24,Male,91,93,2,Yes,No,HighSchool,90386,51,1
20,Male,137,53,1,No,No,Diploma,66578,67,1
21,Male,140,75,3,No,Yes,HighSchool,58879,60,0
18,Female,94,45,4,No,Yes,HighSchool,70271,67,1
22,Female,128,63,1,No,Yes,Diploma,33095,75,1
20,Female,134,75,1,No,No,HighSchool,78462,42,1
22,Female,107,70,5,Yes,Yes,Diploma,60917,71,0
23,Male,102,55,3,No,No,Master,40347,64,1
19,Male,143,88,2,Yes,No,Bachelor,25859,59,1
23,Female,149,54,2,No,Yes,HighSchool,51222,62,1
23,Female,106,51,4,Yes,Yes,Bachelor,21288,93,1
18,Male,109,43,5,Yes,No,Bachelor,39798,86,1
19,Female,143,68,1,No,Yes,HighSchool,49558,84,0
19,Male,123,49,2,Yes,Yes,Diploma,24946,53,1
19,Male,98,56,2,Yes,Yes,Bachelor,67388,59,1
18,Male,112,75,1,No,No,Diploma,90879,59,1
23,Male,130,95,3,No,No,Diploma,63692,95,1
19,Female,131,83,2,No,No,HighSchool,21024,40,1
20,Female,117,47,5,Yes,No,Diploma,62057,92,1
21,Male,142,71,1,No,No,Bachelor,51710,55,1
22,Male,140,84,2,No,No,Master,61439,41,1
23,Female,136,78,1,Yes,No,Bachelor,70347,90,1
24,Male,109,42,3,No,Yes,Diploma,66640,96,1
19,Male,98,54,5,Yes,Yes,HighSchool,55472,92,1
21,Female,111,94,1,No,Yes,HighSchool,64658,82,0
19,Female,113,74,2,No,No,HighSchool,91151,77,1
20,Female,121,72,5,No,No,Master,19309,92,1
21,Female,130,54,4,Yes,No,Diploma,15865,86,1
19,Female,97,62,2,Yes,Yes,Master,88396,50,1
19,Female,106,56,2,No,No,HighSchool,26767,73,1
23,Male,143,49,1,No,Yes,Bachelor,45504,57,1
24,Female,107,54,2,No,Yes,Bachelor,51861,42,1
20,Male,98,46,5,No,No,HighSchool,86784,86,1
24,Male,134,82,3,No,Yes,HighSchool,60110,54,1
18,Female,110,48,5,No,Yes,HighSchool,31811,74,1
18,Female,146,97,4,No,Yes,Master,59189,60,0
19,Female,130,45,4,Yes,No,Bachelor,68808,62,1
20,Female,146,88,3,Yes,No,HighSchool,80878,68,1
20,Male,118,49,5,No,No,Master,27085,70,1
20,Female,95,51,3,No,Yes,Bachelor,29266,45,1
18,Male,149,67,3,Yes,Yes,Bachelor,81195,54,1
19,Male,100,64,4,No,No,Bachelor,53014,67,1
23,Female,145,78,2,No,Yes,Bachelor,97904,81,0
22,Female,124,55,1,Yes,Yes,HighSchool,87871,63,1
19,Male,135,61,4,No,No,Diploma,81442,92,1
23,Female,107,84,4,Yes,No,Master,17435,73,1
18,Female,90,81,4,No,Yes,Diploma,35471,68,0
22,Male,122,71,3,Yes,No,Diploma,67571,42,1
23,Male,92,64,3,Yes,No,Diploma,38713,58,1
18,Female,108,65,5,Yes,No,Diploma,73913,83,1
18,Male,94,49,2,No,No,Master,23396,42,1
19,Male,121,41,2,Yes,Yes,Master,53714,83,1
22,Male,145,69,4,Yes,Yes,Master,73984,80,0
24,Male,124,74,3,No,No,Bachelor,79835,91,1
23,Male,127,63,1,No,Yes,Bachelor,67918,69,1
20,Male,104,84,2,No,No,Bachelor,53424,86,1
20,Male,115,57,5,No,No,Bachelor,30549,65,1
19,Female,105,53,4,No,No,Diploma,10694,79,1
20,Female,130,68,1,Yes,Yes,Bachelor,99170,78,0
19,Male,118,98,5,Yes,Yes,Diploma,21932,82,0
24,Male,117,83,5,Yes,Yes,HighSchool,62861,69,0
18,Male,107,96,2,No,Yes,Master,91154,63,0
19,Female,141,46,5,Yes,No,HighSchool,53402,41,1
22,Male,101,51,1,Yes,No,Master,30922,59,1
19,Female,143,65,5,No,Yes,Diploma,17029,85,0
19,Male,124,82,3,No,Yes,Master,38061,49,1
19,Female,111,42,2,Yes,No,Diploma,11289,52,1
19,Female,109,59,3,Yes,Yes,Master,30627,50,1
21,Male,90,49,2,Yes,No,Bachelor,31566,67,1
23,Male,126,95,2,No,Yes,HighSchool,97243,60,0
22,Male,142,49,4,No,No,Bachelor,41754,40,1
21,Male,142,92,3,No,No,Diploma,40003,65,1
22,Male,144,65,2,No,No,Master,61796,81,1
21,Female,111,97,2,No,No,HighSchool,45395,73,1
22,Female,98,86,2,Yes,Yes,Diploma,38468,88,0
18,Female,107,85,5,No,No,Diploma,24784,44,1
23,Female,123,59,5,No,No,Bachelor,39021,60,1
19,Female,124,96,4,Yes,No,HighSchool,15666,89,1
19,Female,142,92,2,No,Yes,Bachelor,56087,73,0
19,Male,124,54,3,Yes,Yes,Bachelor,14263,57,1
18,Male,106,59,3,Yes,No,Master,41000,44,1
20,Male,129,87,2,No,No,Diploma,30982,57,1
21,Male,138,45,4,Yes,No,Bachelor,57652,58,1
24,Male,123,56,4,No,Yes,Diploma,31976,60,1
22,Female,106,51,1,No,No,Master,56628,40,1
23,Female,121,71,3,No,Yes,HighSchool,83581,80,0
24,Female,105,75,5,No,Yes,Bachelor,69262,74,0
23,Male,109,46,3,Yes,Yes,Diploma,75853,48,1
21,Female,122,52,3,Yes,No,HighSchool,37706,65,1
21,Male,147,81,5,No,Yes,HighSchool,21292,66,0
19,Female,117,76,5,No,Yes,Diploma,65498,41,1
18,Female,149,91,1,Yes,Yes,Diploma,44067,58,0
20,Male,118,50,3,No,No,Bachelor,60826,48,1
21,Female,140,65,5,Yes,No,Bachelor,46131,64,1
23,Female,104,75,4,Yes,No,HighSchool,14899,65,1
18,Female,117,73,5,Yes,No,Bachelor,90254,68,1
24,Female,109,90,4,Yes,Yes,HighSchool,74716,74,0
24,Male,122,60,2,No,No,HighSchool,43385,55,1
22,Female,94,62,4,Yes,Yes,Master,89556,93,1
19,Male,122,83,5,Yes,Yes,HighSchool,12807,83,0
20,Female,147,74,2,No,No,Master,15927,66,1
18,Male,144,46,2,No,No,Diploma,45018,62,1
24,Male,100,52,5,Yes,No,Master,39699,42,1
21,Female,118,60,4,Yes,Yes,HighSchool,57297,87,1
21,Female,110,83,2,Yes,Yes,Bachelor,18904,60,0
20,Male,120,53,1,No,Yes,Master,60830,67,1
19,Female,129,46,4,No,No,HighSchool,25776,66,1
21,Male,124,96,1,Yes,Yes,Bachelor,90722,61,0
22,Female,90,72,4,No,No,Diploma,26293,58,1
20,Female,140,50,5,No,No,Diploma,33980,43,1
23,Female,93,90,1,Yes,No,HighSchool,66609,81,1
19,Female,145,42,3,Yes,Yes,Diploma,48072,73,1
22,Female,101,60,1,No,Yes,Master,71392,76,1
18,Female,109,59,2,Yes,No,HighSchool,77833,58,1
22,Male,145,85,2,No,No,HighSchool,89424,77,1
24,Male,104,73,5,No,No,Diploma,72741,87,1
22,Female,145,62,3,No,Yes,Diploma,44986,88,1
18,Male,149,70,2,No,No,Diploma,57639,88,1
20,Male,117,49,3,No,No,HighSchool,83753,45,1
20,Female,141,73,5,No,Yes,HighSchool,12721,59,0
24,Female,102,63,3,No,No,Diploma,76068,70,1
20,Female,101,90,5,No,Yes,Diploma,76936,51,1
19,Male,129,91,2,No,Yes,Bachelor,18791,55,0
22,Female,142,67,3,No,Yes,Master,83763,59,0
24,Male,134,44,3,No,Yes,Diploma,53971,50,1
23,Female,100,73,4,No,Yes,Diploma,79721,93,0
22,Female,116,83,3,No,Yes,Diploma,43754,91,0
20,Female,102,91,2,Yes,No,Bachelor,61444,93,1
23,Female,94,92,5,No,Yes,Master,96616,77,0
21,Male,123,88,1,Yes,No,Master,35573,88,1
21,Male,120,58,4,No,No,Diploma,72588,91,1
20,Female,121,72,3,Yes,Yes,Bachelor,19407,48,1
18,Female,132,74,4,Yes,No,Diploma,71474,91,1
20,Female,129,63,3,Yes,Yes,Diploma,76717,91,1
24,Female,105,57,2,Yes,No,Bachelor,34446,57,1
18,Female,92,97,5,No,No,Bachelor,76806,97,1
24,Male,94,84,3,Yes,No,Master,29211,92,1
19,Female,144,72,2,Yes,No,Diploma,35211,89,1
21,Male,90,65,2,Yes,Yes,HighSchool,91934,64,0
23,Female,99,58,4,Yes,Yes,HighSchool,96831,46,1
23,Male,137,40,5,Yes,Yes,Diploma,20455,99,1
18,Male,108,94,5,Yes,Yes,HighSchool,39091,41,1
18,Female,93,60,5,No,No,Diploma,36493,95,1
21,Female,101,81,3,No,No,Master,54868,82,1
18,Male,112,92,2,Yes,Yes,Bachelor,91447,43,1
20,Female,107,97,5,Yes,Yes,Diploma,83745,71,0
19,Male,93,56,2,No,Yes,HighSchool,22699,58,1
24,Female,140,96,4,No,No,Bachelor,36002,89,1
19,Female,102,42,3,No,Yes,HighSchool,81291,99,1
21,Female,121,66,4,Yes,Yes,Diploma,58704,62,0
20,Female,138,80,2,Yes,No,Bachelor,31357,61,1
18,Male,104,55,2,Yes,No,Bachelor,88033,45,1
23,Female,142,75,2,No,Yes,Bachelor,32552,95,0
21,Female,133,88,3,Yes,Yes,Bachelor,98628,53,1
22,Female,141,85,2,Yes,Yes,Master,26890,74,0
23,Male,128,62,4,No,No,Master,80530,60,1
24,Female,90,53,3,No,Yes,HighSchool,30742,89,1
19,Male,138,95,4,Yes,Yes,Bachelor,13279,97,0
20,Male,98,63,3,No,Yes,HighSchool,87714,43,1
23,Male,140,99,4,Yes,No,HighSchool,45972,97,1
22,Female,100,57,4,No,Yes,Bachelor,84267,43,1
19,Female,100,85,2,No,No,Bachelor,85629,55,1
21,Female,135,47,3,No,Yes,HighSchool,28513,99,1
22,Female,126,94,4,No,No,Master,13333,42,1
21,Male,109,81,4,No,No,Diploma,44988,94,1
23,Male,124,89,2,Yes,Yes,Diploma,65990,75,0
22,Female,141,74,5,Yes,Yes,HighSchool,11531,74,0
20,Male,124,79,2,Yes,No,Master,98741,53,1
24,Male,110,57,4,No,Yes,Diploma,18400,66,1
23,Male,103,46,2,No,Yes,Diploma,43491,83,1
18,Male,132,99,5,Yes,No,Diploma,18212,92,1
24,Male,134,44,1,Yes,No,Diploma,60201,92,1
22,Male,117,95,2,Yes,No,Bachelor,36320,47,1
21,Male,140,51,5,No,No,Bachelor,59295,57,1
21,Female,122,62,5,No,Yes,HighSchool,85203,97,1
20,Male,132,87,5,Yes,Yes,Master,22098,62,0
22,Female,141,74,1,No,Yes,HighSchool,82789,42,1
18,Male,130,63,5,Yes,Yes,Diploma,31824,41,1
19,Female,126,95,2,Yes,Yes,Master,51454,93,0
22,Female,105,78,2,No,No,Diploma,13794,65,1
18,Female,149,75,2,Yes,Yes,Master,43659,58,0
19,Male,121,54,5,No,No,Master,72934,56,1
20,Female,127,45,2,No,Yes,HighSchool,58241,80,1
22,Male,129,71,3,Yes,Yes,HighSchool,67287,88,0
18,Male,106,89,5,Yes,No,HighSchool,32421,66,1
24,Male,98,46,3,Yes,No,Master,97674,90,1
20,Male,115,83,1,No,Yes,HighSchool,53987,41,1
21,Female,138,59,2,No,Yes,Bachelor,38907,92,1
19,Female,140,78,2,No,Yes,Master,86750,64,0
21,Female,116,70,2,No,No,Master,41726,47,1
19,Male,135,52,3,Yes,Yes,Bachelor,12245,65,1
23,Female,143,98,1,Yes,No,Diploma,89984,64,1
21,Female,144,84,5,Yes,No,HighSchool,12314,67,1
21,Female,107,48,3,No,No,HighSchool,21329,46,1
20,Male,135,94,2,Yes,No,HighSchool,51842,75,1
20,Male,104,49,2,No,Yes,Bachelor,66761,92,1
23,Male,98,57,5,No,Yes,Diploma,13245,97,1
20,Male,131,94,1,Yes,Yes,Bachelor,66040,50,1
19,Female,144,91,2,No,No,Master,17885,95,1
24,Female,141,99,1,Yes,No,Bachelor,38819,41,1
24,Female,91,67,4,Yes,No,Diploma,25323,65,1
21,Male,121,50,4,No,Yes,Master,14486,58,1
20,Male,114,43,1,No,Yes,Diploma,61513,43,1
21,Female,147,72,3,Yes,No,HighSchool,80859,62,1
18,Female,110,79,1,No,Yes,HighSchool,25275,95,0
21,Male,103,93,2,No,No,HighSchool,24947,88,1
18,Male,149,91,3,Yes,Yes,Bachelor,62492,84,0
22,Male,102,97,2,No,No,Master,89631,61,1
21,Female,97,43,2,Yes,Yes,Master,73025,56,1
22,Female,149,41,4,Yes,No,Master,93808,89,1
18,Male,114,67,1,No,No,Bachelor,71729,97,1
23,Female,141,81,2,No,Yes,HighSchool,96253,90,0
23,Female,114,55,5,No,Yes,HighSchool,78819,75,1
21,Male,116,65,3,No,No,HighSchool,21341,91,1
19,Male,125,41,4,Yes,Yes,Diploma,33663,65,1
21,Female,97,88,5,No,Yes,Diploma,30819,53,1
24,Male,107,59,4,Yes,No,Diploma,64538,64,1
20,Female,104,76,1,Yes,Yes,Master,14220,78,0
23,Female,117,50,5,No,Yes,HighSchool,44222,78,1
23,Male,134,88,1,No,No,Bachelor,60291,84,1
20,Male,113,66,4,No,No,Bachelor,30634,95,1
23,Female,126,85,5,Yes,Yes,Diploma,46676,88,0
19,Male,122,84,1,No,No,Master,25299,68,1
19,Male,110,46,2,No,No,HighSchool,36546,59,1
24,Male,121,48,3,Yes,Yes,Bachelor,36109,57,1
18,Male,128,61,1,Yes,No,Bachelor,12473,62,1
19,Female,121,44,2,Yes,No,HighSchool,40106,58,1
24,Male,101,56,3,No,No,HighSchool,83349,83,1
18,Female,148,50,1,No,Yes,Master,24077,47,1
24,Male,92,76,3,No,Yes,Diploma,71885,69,0
19,Female,137,62,2,No,No,HighSchool,36178,66,1
21,Female,114,75,4,Yes,No,Master,29061,86,1
19,Female,139,62,4,Yes,Yes,HighSchool,52049,43,1
24,Male,122,71,5,Yes,No,Diploma,71799,61,1
22,Male,137,49,5,Yes,No,Master,84426,60,1
23,Male,121,95,2,No,Yes,HighSchool,68681,78,0
23,Female,105,52,5,No,Yes,HighSchool,84520,98,1
20,Male,137,54,1,No,No,Diploma,24506,50,1
21,Male,117,63,5,No,No,Bachelor,37245,41,1
20,Male,99,88,4,Yes,No,Master,30267,97,1
21,Female,97,61,2,No,No,HighSchool,31848,58,1
19,Female,139,72,3,No,Yes,Bachelor,54114,48,1
21,Female,94,55,4,No,Yes,Master,56254,79,1
20,Male,120,89,4,No,Yes,Master,87901,67,0
19,Female,115,77,4,Yes,No,Master,72440,77,1
21,Male,97,85,4,Yes,Yes,Diploma,79460,97,0
20,Male,148,54,5,Yes,No,Bachelor,57967,94,1
23,Male,109,70,4,No,Yes,HighSchool,18006,92,0
22,Female,145,99,1,Yes,Yes,Master,97027,76,0
23,Female,113,78,1,No,No,HighSchool,43261,41,1
22,Female,92,52,1,No,No,HighSchool,13208,52,1
20,Female,141,52,5,Yes,No,Diploma,52789,53,1
19,Female,113,59,1,Yes,No,Bachelor,91261,99,1
18,Male,105,63,1,Yes,Yes,HighSchool,80075,71,1
22,Male,130,51,1,No,No,Bachelor,10806,46,1
23,Female,118,99,1,No,No,Diploma,18685,59,1
19,Female,94,64,3,No,No,Bachelor,56957,53,1
24,Male,142,48,1,Yes,No,HighSchool,84940,47,1
22,Male,149,40,5,No,Yes,HighSchool,40693,43,1
21,Male,114,46,4,No,No,HighSchool,31252,89,1
21,Male,111,76,2,No,No,Diploma,76414,55,1
19,Female,113,49,2,No,No,Diploma,91274,70,1
18,Female,130,86,4,Yes,Yes,HighSchool,24584,92,0
21,Male,102,82,2,No,No,Master,23127,76,1
21,Male,139,79,5,Yes,Yes,Diploma,84207,87,0
20,Male,111,58,4,Yes,No,Bachelor,77481,45,1
20,Male,101,65,4,Yes,Yes,HighSchool,80796,69,0
22,Male,121,58,4,No,No,Master,98281,71,1
20,Female,131,56,4,No,Yes,Diploma,93254,58,1
21,Male,135,49,1,No,No,Diploma,59183,90,1
24,Female,128,72,5,Yes,Yes,Bachelor,78951,83,0
18,Female,90,86,4,Yes,No,Diploma,25858,99,1
24,Male,105,53,4,No,No,Master,59164,91,1
24,Male,122,72,1,Yes,No,Diploma,79331,96,1
18,Female,146,85,1,No,No,Diploma,47093,65,1
24,Female,138,79,4,No,No,Master,59192,55,1
21,Female,109,94,4,No,Yes,Master,23047,58,0
23,Female,92,73,5,No,No,Master,43358,45,1
23,Male,130,97,4,Yes,Yes,HighSchool,26034,48,1
21,Female,147,86,4,No,Yes,Bachelor,87641,67,0
22,Male,148,88,2,No,No,Diploma,66224,83,1
20,Male,126,83,2,Yes,No,Diploma,78112,42,1
24,Female,140,40,1,No,No,Diploma,11219,87,1
19,Male,139,76,2,No,Yes,Diploma,41739,71,0
21,Male,108,79,5,No,Yes,Master,49439,73,0
18,Male,110,48,2,Yes,No,Bachelor,32575,62,1
23,Male,141,62,3,No,No,Master,92669,74,1
19,Male,143,91,1,Yes,No,Diploma,89558,45,1
20,Male,143,53,2,No,No,Master,26296,84,1
21,Female,138,93,2,No,No,Master,78170,79,1
21,Female,96,45,3,Yes,Yes,Master,54769,56,1
21,Male,113,92,4,No,No,Master,47643,65,1
19,Male,91,49,1,Yes,No,Bachelor,91362,61,1
23,Male,141,71,5,Yes,No,Bachelor,30584,71,1
22,Female,95,82,1,Yes,Yes,HighSchool,34851,91,0
20,Female,128,88,5,No,Yes,Master,29793,67,0
23,Male,140,82,3,No,No,Diploma,51619,68,1
18,Female,118,60,5,Yes,No,Master,66363,66,1
23,Male,140,90,4,Yes,No,Bachelor,71288,58,1
24,Male,144,70,2,No,Yes,Master,23743,66,0
22,Male,130,67,3,Yes,No,HighSchool,29285,78,1
18,Female,96,94,2,Yes,No,Master,29733,93,1
24,Female,101,57,4,Yes,Yes,Diploma,37313,65,1
20,Male,144,47,1,Yes,No,Bachelor,67450,92,1
19,Male,141,64,3,No,No,HighSchool,37749,89,1
19,Male,100,51,5,No,Yes,HighSchool,29069,40,1
23,Male,101,52,5,No,No,HighSchool,33881,76,1
22,Female,141,95,1,No,No,Master,50228,72,1
20,Female,120,81,3,Yes,No,Master,31154,60,1
20,Female,143,84,4,No,No,Master,57995,49,1
20,Male,140,76,1,No,No,Master,99277,83,1
20,Female,105,87,1,Yes,Yes,Master,17589,91,0
20,Female,130,43,5,No,Yes,Master,15759,73,1
23,Male,98,85,1,No,No,HighSchool,29957,41,1
22,Male,132,52,2,Yes,Yes,Diploma,78345,64,1
23,Male,132,47,2,Yes,No,Master,46649,73,1
22,Male,108,66,3,Yes,No,Bachelor,13319,61,1
23,Male,145,82,4,Yes,No,Master,43519,51,1
24,Male,97,50,1,No,No,Diploma,28201,53,1
18,Female,112,42,3,Yes,Yes,HighSchool,33796,52,1
24,Female,106,47,3,No,No,Master,75530,67,1
22,Female,141,73,4,No,No,Master,11977,50,1
23,Male,147,45,4,Yes,No,Master,20289,97,1
18,Female,96,89,1,No,Yes,Master,49698,92,0
18,Male,104,77,3,No,No,Diploma,50104,64,1
19,Male,113,46,4,No,Yes,Bachelor,99615,42,1
20,Male,116,41,3,No,No,Bachelor,11664,68,1
18,Male,91,91,4,No,Yes,Bachelor,37246,58,0
21,Male,142,92,1,No,Yes,HighSchool,64891,43,1
20,Male,98,79,4,No,No,Bachelor,17075,73,1
19,Male,90,75,3,Yes,No,Master,47574,62,1
21,Male,109,60,5,No,Yes,HighSchool,40595,44,1
20,Female,102,99,5,Yes,No,Bachelor,79842,77,1
20,Male,95,45,1,Yes,No,Bachelor,79483,59,1
20,Female,97,45,4,No,No,Diploma,91795,81,1
18,Female,146,52,5,Yes,Yes,Bachelor,51503,54,1
19,Male,113,76,3,No,No,Diploma,80752,80,1
19,Female,144,74,5,Yes,No,HighSchool,40449,68,1
19,Male,90,74,3,No,Yes,Diploma,90211,65,0
20,Male,103,95,5,Yes,Yes,Diploma,31852,87,0
18,Male,149,74,3,No,Yes,Diploma,33528,95,0
24,Male,135,68,2,Yes,Yes,Bachelor,66526,81,0
19,Female,115,80,3,Yes,No,Bachelor,77427,67,1
21,Male,122,52,2,No,Yes,HighSchool,88466,92,1
24,Male,130,88,2,Yes,No,Master,76336,82,1
22,Male,135,88,3,No,Yes,HighSchool,25091,88,0
18,Female,137,75,1,Yes,Yes,Diploma,10270,47,1
22,Female,146,91,5,Yes,No,Bachelor,57367,49,1
22,Male,98,41,4,No,Yes,Master,40143,65,1
24,Female,105,70,4,Yes,Yes,Diploma,22474,63,0
20,Female,128,51,5,No,Yes,Bachelor,49883,94,1
19,Male,123,70,3,Yes,No,HighSchool,32922,46,1
18,Male,143,71,3,No,No,HighSchool,18649,62,1
22,Male,105,68,3,No,Yes,HighSchool,32348,49,1
19,Male,140,55,5,No,Yes,Master,33569,46,1
19,Female,121,97,4,Yes,Yes,HighSchool,69427,67,0
21,Female,149,96,2,Yes,No,HighSchool,20162,81,1
24,Male,116,50,5,No,Yes,Diploma,15923,97,1
18,Female,105,57,5,No,Yes,Master,46795,68,1
22,Male,101,82,3,Yes,Yes,Diploma,93495,80,0
23,Female,111,55,4,No,No,Diploma,21627,76,1
24,Male,93,86,3,No,Yes,Master,55084,91,0
20,Male,131,96,1,No,No,Diploma,42554,84,1
24,Male,147,73,1,Yes,Yes,Diploma,22744,96,0
24,Female,143,43,4,No,No,Bachelor,60829,44,1
23,Male,122,77,4,No,Yes,HighSchool,11509,56,0
21,Male,138,99,5,Yes,Yes,Diploma,77126,62,0
22,Male,110,48,3,No,Yes,Master,47396,82,1
22,Male,99,58,2,No,Yes,Bachelor,97662,77,1
24,Female,144,63,2,No,No,Bachelor,36607,67,1
21,Male,113,66,2,Yes,No,Diploma,68939,81,1
19,Male,143,62,1,No,No,Bachelor,45995,55,1
22,Male,92,87,1,No,Yes,Bachelor,13615,85,0
21,Male,114,93,2,No,No,Diploma,69831,66,1
19,Female,114,58,1,Yes,Yes,Diploma,12400,65,1
24,Female,141,91,5,No,Yes,HighSchool,27543,65,0
19,Male,94,67,5,No,Yes,Diploma,40070,66,0
19,Male,95,61,4,No,Yes,Bachelor,29916,85,1
23,Female,93,71,4,No,No,HighSchool,15723,66,1
19,Male,111,65,3,Yes,No,Bachelor,33919,92,1
18,Male,136,92,2,No,Yes,Diploma,56331,75,0
18,Female,120,50,3,No,Yes,HighSchool,77052,66,1
20,Male,111,93,5,No,Yes,Master,15222,88,0
18,Female,120,92,5,Yes,Yes,Master,12385,58,0
21,Female,90,78,4,Yes,Yes,Diploma,85991,43,1
23,Female,102,57,3,No,No,Diploma,28467,77,1
23,Female,105,48,3,Yes,No,HighSchool,16765,42,1
18,Male,92,49,3,No,Yes,HighSchool,63369,66,1
22,Male,111,70,4,Yes,No,Master,73231,53,1
18,Male,96,48,1,Yes,Yes,Diploma,15463,78,1
24,Male,110,76,5,Yes,Yes,Bachelor,98595,47,1
20,Female,134,73,2,Yes,No,Master,84195,76,1
24,Female,123,66,1,No,No,Master,61050,51,1
23,Female,118,95,3,No,No,HighSchool,93903,58,1
21,Female,93,47,3,Yes,No,Diploma,54306,44,1
23,Female,92,52,4,No,Yes,Diploma,94449,99,1
22,Female,96,62,2,Yes,No,Master,54187,96,1
19,Male,149,99,2,Yes,No,Diploma,14243,86,1
22,Female,143,55,5,No,No,Master,35055,57,1
24,Female,96,76,2,No,No,HighSchool,85437,89,1
24,Female,149,43,1,Yes,Yes,HighSchool,70144,59,1
18,Male,137,83,3,Yes,No,Diploma,59735,43,1
18,Male,110,60,5,Yes,Yes,HighSchool,67811,89,1
19,Female,136,82,5,Yes,Yes,Master,68921,52,1
24,Female,98,57,1,No,No,Bachelor,41537,69,1
22,Female,113,56,4,No,No,HighSchool,98146,59,1
23,Female,96,46,2,Yes,No,Master,66783,95,1
23,Male,136,56,3,No,Yes,Bachelor,48089,99,1
24,Male,120,60,3,Yes,Yes,HighSchool,72752,65,1
22,Male,118,87,5,Yes,No,Diploma,49547,62,1
24,Male,143,77,4,Yes,Yes,Master,34980,93,0
23,Female,109,94,1,Yes,Yes,Master,85858,56,0
21,Male,142,66,4,Yes,Yes,Master,69425,75,0
24,Male,119,41,5,Yes,No,Master,99287,97,1
22,Female,132,47,2,No,Yes,Bachelor,16792,57,1
21,Female,114,87,1,Yes,No,Diploma,12215,48,1
21,Female,141,91,3,No,Yes,Bachelor,18190,50,1
19,Female,142,81,4,No,Yes,Diploma,45841,84,0
24,Female,126,47,2,No,Yes,Diploma,60475,61,1
23,Male,131,60,3,No,No,Bachelor,85723,60,1
19,Male,93,66,2,No,Yes,Diploma,68910,69,0
23,Female,113,49,1,No,No,Master,30555,69,1
23,Male,134,41,2,Yes,No,Bachelor,83109,96,1
20,Female,135,93,1,Yes,Yes,Diploma,43620,94,0
18,Male,95,79,3,No,No,HighSchool,85737,86,1
18,Male,114,84,5,Yes,No,Master,46388,95,1
18,Female,96,75,3,No,No,Diploma,76253,93,1
19,Female,108,93,5,Yes,No,Master,67692,49,1
20,Male,126,85,3,No,Yes,Master,78144,89,0
20,Female,143,68,2,No,Yes,Master,69148,51,1
21,Male,91,47,2,No,No,Master,63706,50,1
21,Male,96,60,2,No,Yes,Master,31603,76,1
18,Female,114,74,1,Yes,No,Master,71450,99,1
24,Female,140,56,1,Yes,No,Master,88024,84,1
24,Male,114,75,4,No,Yes,Diploma,18597,56,0
22,Male,117,82,3,No,Yes,Master,98964,44,1
19,Male,147,54,3,Yes,Yes,Diploma,27425,55,1
20,Female,113,99,1,No,No,Master,73186,43,1
22,Female,133,98,5,Yes,No,Master,65341,60,1
21,Male,130,77,4,No,No,Master,23646,71,1
24,Female,90,73,2,Yes,Yes,Diploma,35259,73,0
21,Female,134,85,4,Yes,No,Master,78644,47,1
18,Female,100,97,5,Yes,Yes,HighSchool,64918,40,1
20,Female,149,98,2,No,No,Diploma,42334,94,1
19,Male,101,95,3,Yes,No,Bachelor,37435,51,1
23,Male,135,48,2,Yes,Yes,Master,92229,95,1
23,Female,113,50,5,No,No,HighSchool,79036,76,1
21,Male,95,78,2,No,Yes,Diploma,56718,81,0
20,Male,115,60,1,Yes,No,Diploma,11794,93,1
18,Male,98,90,4,Yes,No,Master,45930,71,1
18,Male,143,46,3,Yes,Yes,Diploma,80093,56,1
20,Female,95,87,4,No,Yes,Diploma,84422,66,0
23,Male,117,99,1,No,Yes,Master,55945,80,0
24,Male,103,62,3,Yes,Yes,HighSchool,14571,62,1
23,Female,113,84,4,No,No,HighSchool,86068,61,1
23,Female,136,71,2,No,No,Master,27728,82,1
18,Male,124,88,3,No,No,Diploma,16052,82,1
22,Female,96,70,3,Yes,No,Diploma,84721,82,1
20,Female,118,84,2,No,No,HighSchool,88083,71,1
24,Female,94,87,3,Yes,No,Master,21289,81,1
21,Male,96,62,4,No,Yes,HighSchool,14968,64,1
23,Male,96,58,1,No,Yes,HighSchool,16079,82,1
20,Female,108,85,3,No,Yes,Master,74526,48,1
21,Female,122,46,2,Yes,No,HighSchool,87457,68,1
19,Female,114,49,4,No,No,HighSchool,16945,47,1
23,Female,132,73,2,No,Yes,Master,60246,77,0
23,Female,102,45,2,No,No,HighSchool,52142,87,1
18,Male,108,86,5,No,Yes,Bachelor,56188,60,0
22,Male,92,60,4,Yes,Yes,Diploma,53662,68,1
23,Male,130,58,5,No,No,Diploma,93292,75,1
23,Male,133,58,3,Yes,No,Bachelor,63675,62,1
24,Male,107,86,5,No,No,Master,69790,95,1
24,Male,109,42,2,No,Yes,Bachelor,35538,83,1
19,Female,117,77,5,No,No,Diploma,92089,96,1
24,Male,133,40,5,Yes,No,Master,53342,49,1
18,Female,132,69,5,No,No,Diploma,28015,83,1
23,Female,134,53,5,Yes,No,Bachelor,69020,48,1
24,Male,118,88,3,Yes,Yes,Bachelor,46383,77,0
20,Male,91,98,4,No,No,Bachelor,76121,93,1
18,Male,123,62,3,No,No,Master,56837,83,1
19,Male,106,67,5,Yes,Yes,HighSchool,36158,99,0
23,Male,94,86,5,Yes,Yes,HighSchool,20896,51,1
19,Male,107,57,3,Yes,No,HighSchool,34131,87,1
21,Male,120,42,5,Yes,No,Bachelor,29526,89,1
22,Female,91,43,1,No,No,Diploma,22695,62,1
19,Female,114,86,2,Yes,No,Master,37416,54,1
23,Male,113,50,2,No,Yes,Master,52401,96,1
23,Male,96,42,2,Yes,No,Master,18117,97,1
24,Female,132,69,4,Yes,No,HighSchool,89843,72,1
19,Female,103,81,3,Yes,Yes,Diploma,90060,58,0
19,Female,113,84,2,Yes,Yes,Master,84512,61,0
24,Male,136,80,4,No,Yes,HighSchool,90437,65,0
21,Female,90,46,5,Yes,Yes,Bachelor,36156,95,1
22,Female,109,82,5,Yes,No,Master,96904,54,1
18,Female,148,48,5,No,No,Diploma,14535,83,1
20,Female,100,66,3,Yes,No,Diploma,26230,51,1
21,Female,123,73,2,No,Yes,Bachelor,21771,89,0
19,Male,143,88,4,No,Yes,Bachelor,23479,49,1
22,Male,92,52,3,No,No,Bachelor,79386,52,1
19,Female,116,86,2,Yes,Yes,Master,47530,64,0
23,Male,127,89,4,No,Yes,Bachelor,15077,59,0
18,Female,125,86,3,Yes,No,Master,18801,60,1
19,Male,112,58,1,No,Yes,Bachelor,32885,59,1
20,Male,121,82,2,Yes,Yes,Master,11565,64,0
20,Male,128,89,4,Yes,Yes,Bachelor,21050,97,0
19,Female,96,71,3,Yes,Yes,HighSchool,25747,51,1
22,Male,136,56,5,Yes,Yes,Master,69914,60,1
24,Female,103,41,4,No,Yes,HighSchool,59507,62,1
23,Male,130,45,4,No,No,Bachelor,44900,94,1
22,Female,110,78,5,No,Yes,Bachelor,91823,55,0
23,Male,97,54,3,Yes,No,Master,10745,68,1
21,Female,98,56,4,Yes,Yes,HighSchool,16077,58,1
23,Female,141,47,4,Yes,Yes,HighSchool,21953,86,1
23,Female,127,87,2,No,No,Master,30012,95,1
24,Female,129,84,5,Yes,Yes,Master,13139,72,0
20,Female,119,69,1,Yes,Yes,Diploma,47229,69,0
22,Female,122,80,1,Yes,Yes,HighSchool,97881,89,0
20,Male,91,92,3,Yes,Yes,HighSchool,20166,88,0
23,Male,126,99,4,Yes,Yes,Diploma,49205,53,1
22,Male,135,56,2,Yes,Yes,Diploma,76943,82,1
18,Female,118,63,5,Yes,No,HighSchool,89786,89,1
21,Male,105,96,1,Yes,Yes,Bachelor,37906,93,0
20,Female,123,89,4,Yes,No,Master,80347,96,1
22,Female,114,97,1,No,Yes,Diploma,47996,73,0
23,Male,146,50,5,Yes,Yes,Diploma,39692,50,1
19,Male,144,67,1,No,No,Master,69359,75,1
24,Male,108,66,4,Yes,Yes,Diploma,53418,86,0
20,Female,145,85,2,Yes,No,Master,32012,51,1
20,Female,129,72,3,Yes,Yes,Diploma,60822,80,0
18,Male,138,47,1,No,No,Master,27716,92,1
22,Female,103,96,2,Yes,No,HighSchool,24271,44,1
18,Female,130,65,4,No,Yes,Master,63331,82,0
19,Female,123,62,2,No,No,Master,91034,80,1
22,Female,93,40,5,Yes,Yes,HighSchool,75796,75,1
23,Female,126,48,2,Yes,Yes,Master,38995,49,1
18,Female,109,75,2,No,No,Diploma,67889,61,1
23,Female,125,77,3,No,Yes,Diploma,86515,90,0
24,Male,92,86,1,No,Yes,Diploma,67973,80,0
22,Male,143,48,5,No,Yes,Bachelor,69748,50,1
21,Female,142,54,5,Yes,No,HighSchool,92045,66,1
20,Male,132,42,1,Yes,No,Diploma,55959,51,1
19,Female,139,41,1,No,Yes,Diploma,60556,94,1
22,Female,111,48,5,Yes,No,HighSchool,36052,90,1
18,Male,127,69,3,No,Yes,Bachelor,84365,68,0
18,Male,143,66,5,No,No,Bachelor,89792,51,1
22,Female,141,68,5,No,Yes,Bachelor,64325,84,0
19,Male,146,93,3,No,Yes,Master,88315,70,0
24,Female,112,42,2,Yes,Yes,HighSchool,23202,48,1
19,Male,105,92,4,Yes,Yes,Master,78310,63,0
19,Male,147,57,2,No,Yes,HighSchool,83958,75,1
